[{
  "firstname": "Alexandre",
  "lastname": "Marjan",
  "email": "a.marjan@gmail.com"
}, {
  "firstname": "Ulysses",
  "lastname": "Silvio",
  "email": "silverspoon87@gmail.com"
}, {
  "firstname": "Viktor",
  "lastname": "Gul",
  "email": "viktor.rose@gmail.com"
}, {
  "firstname": "Kamalani",
  "lastname": "Georgy",
  "email": "georgy.porgy@gmail.com"
}, {
  "firstname": "Kilian",
  "lastname": "Kielman",
  "email": "kkielman@hotmail.com"
}, {
  "firstname": "Koen",
  "lastname": "Grosman",
  "email": "koengrosman@hotmail.com"
}, {
  "firstname": "Thijs",
  "lastname": "Tel",
  "email": "thijstel@hotmail.com"
}, {
  "firstname": "Yoni",
  "lastname": "Stap",
  "email": "yonistap@hotmail.com"
}, {
  "firstname": "Kevin",
  "lastname": "de Jonge",
  "email": "kevindejonge@hotmail.com"
}, {
  "firstname": "Saan",
  "lastname": "Rashid",
  "email": "saanrashid@hotmail.com"
}, {
  "firstname": "Jon",
  "lastname": "Miller",
  "email": "jonmiller@hotmail.com"
}, {
  "firstname": "Roberto",
  "lastname": "Floris",
  "email": "robertofloris@hotmail.com"
}]